{
  "config_type": "stable",
  "num_vehicles": 4,
  "num_episodes": 50,
  "final_avg_reward": 3452.614501953125,
  "final_avg_length": 115.05,
  "episode_rewards": [
    486.70404052734375,
    4770.22216796875,
    571.6243896484375,
    582.6110229492188,
    883.2064819335938,
    2725.214599609375,
    14140.748046875,
    607.7391357421875,
    3866.86376953125,
    398.9219970703125,
    514.824462890625,
    5169.41796875,
    14334.2314453125,
    4431.9404296875,
    453.48187255859375,
    533.65625,
    6069.4658203125,
    546.5054931640625,
    2821.087890625,
    477.3426208496094,
    14533.224609375,
    14142.912109375,
    2804.401611328125,
    627.9951171875,
    4984.6064453125,
    394.802001953125,
    449.2813720703125,
    4487.74462890625,
    530.2281494140625,
    3656.91796875,
    492.05560302734375,
    14054.20703125,
    3368.45361328125,
    4023.1748046875,
    986.5050659179688,
    5757.9365234375,
    14238.75,
    1065.8121337890625,
    3220.55810546875,
    551.9571533203125,
    434.160400390625,
    3785.61474609375,
    515.6914672851562,
    4530.88525390625,
    463.1578674316406,
    4426.2099609375,
    5287.5576171875,
    785.72265625,
    504.1433410644531,
    559.739990234375
  ],
  "episode_lengths": [
    51,
    139,
    51,
    53,
    85,
    113,
    300,
    62,
    126,
    56,
    51,
    150,
    300,
    133,
    56,
    52,
    158,
    59,
    110,
    52,
    300,
    300,
    115,
    55,
    141,
    52,
    52,
    140,
    51,
    127,
    50,
    300,
    121,
    128,
    88,
    154,
    300,
    90,
    115,
    51,
    49,
    126,
    54,
    138,
    57,
    137,
    148,
    85,
    53,
    57
  ]
}