{
  "config_type": "performance",
  "num_vehicles": 8,
  "num_episodes": 200,
  "training_time_hours": 0.014822263585196602,
  "final_avg_reward": -2631.5673828125,
  "final_avg_length": 523.28,
  "best_performance": 8840.0087890625,
  "episode_rewards": [
    15757.447265625,
    256.5078125,
    -803.3370361328125,
    3395.572509765625,
    -1367.5068359375,
    -1380.044189453125,
    -408.2684326171875,
    2838.546142578125,
    4162.66796875,
    -741.1796264648438,
    -1172.7236328125,
    9260.03125,
    -25.25444793701172,
    -95.99571228027344,
    -371.5262451171875,
    9521.736328125,
    200.13238525390625,
    22820.8046875,
    9976.03125,
    820.01708984375,
    603.08203125,
    14643.6015625,
    -3831.8193359375,
    751.563720703125,
    -1517.0703125,
    -856.934814453125,
    13761.7578125,
    -862.3737182617188,
    -1351.084228515625,
    12570.0859375,
    -46.69013977050781,
    12352.7080078125,
    -1516.5777587890625,
    3647.131103515625,
    1972.19287109375,
    580.3490600585938,
    -3177.96728515625,
    10122.328125,
    -1204.4716796875,
    10411.455078125,
    -187.5472869873047,
    16779.9765625,
    162.72946166992188,
    9125.087890625,
    229.46633911132812,
    8645.5234375,
    232.7200927734375,
    555.5482788085938,
    -1937.326171875,
    7527.7802734375,
    -1225.7559814453125,
    14015.900390625,
    6821.31640625,
    9898.220703125,
    8033.1357421875,
    9005.9453125,
    6254.02978515625,
    9343.7412109375,
    -592.4959106445312,
    1098.18798828125,
    7767.96337890625,
    7742.97509765625,
    -4815.236328125,
    8172.7958984375,
    136.78659057617188,
    2775.242431640625,
    -2.7076416015625,
    8088.9130859375,
    6642.712890625,
    8121.703125,
    -333.9269714355469,
    -1450.4947509765625,
    3666.60888671875,
    27.665435791015625,
    -1622.4705810546875,
    6069.9814453125,
    -1442.8734130859375,
    -335.0001220703125,
    8626.0234375,
    -506.1455078125,
    7776.140625,
    7472.10009765625,
    -1866.3076171875,
    515.536376953125,
    26.52740478515625,
    7218.0458984375,
    7317.2119140625,
    -6868.8310546875,
    -4574.8203125,
    6126.23046875,
    -694.4004516601562,
    -1380.218994140625,
    6972.72900390625,
    -4865.79736328125,
    8117.482421875,
    1964.410400390625,
    -2377.94287109375,
    -2061.072021484375,
    111.67413330078125,
    6583.7646484375,
    -344.1243896484375,
    -51.41954803466797,
    7041.76953125,
    746.6490478515625,
    -2911.6513671875,
    10806.5341796875,
    -1662.730712890625,
    -577.6427612304688,
    -10615.8466796875,
    -64.2734375,
    -3052.880126953125,
    923.24072265625,
    -1214.85986328125,
    -4354.39697265625,
    -2182.8681640625,
    -3039.8388671875,
    -2839.8525390625,
    -12180.8828125,
    -1092.408203125,
    -3658.0908203125,
    -3115.38330078125,
    5285.46337890625,
    1508.87158203125,
    -3711.50439453125,
    -16563.369140625,
    -3068.3408203125,
    -2496.439453125,
    -411.48272705078125,
    -1702.81396484375,
    -2893.98486328125,
    -4794.39306640625,
    -3167.1318359375,
    -6910.1484375,
    -1592.2667236328125,
    -1751.30419921875,
    520.342529296875,
    -4548.76416015625,
    -457.7846984863281,
    -4237.41796875,
    751.66552734375,
    -3193.64111328125,
    -10653.291015625,
    854.18310546875,
    -4363.03173828125,
    -2836.762451171875,
    6234.9638671875,
    1422.3916015625,
    -4595.787109375,
    -1626.47802734375,
    1667.5302734375,
    -1102.920654296875,
    -4148.9619140625,
    1149.91357421875,
    -12226.990234375,
    -379.93865966796875,
    -10887.83984375,
    -11043.677734375,
    2256.87841796875,
    -482.8865966796875,
    -5965.3671875,
    -5719.18115234375,
    -5776.25,
    7915.888671875,
    -3481.89697265625,
    -4242.2822265625,
    2761.587890625,
    -426.7051696777344,
    -4206.95849609375,
    -4279.95849609375,
    -10426.689453125,
    1238.66357421875,
    -4912.60302734375,
    1048.9716796875,
    650.77197265625,
    11104.1123046875,
    930.0673828125,
    1335.533203125,
    1213.8154296875,
    1616.98486328125,
    -5111.0302734375,
    -4471.87109375,
    -5698.6318359375,
    962.01513671875,
    2210.8271484375,
    -4966.23583984375,
    -313.8934631347656,
    1009.06201171875,
    -1631.21923828125,
    1179.05908203125,
    -7013.705078125,
    2364.69384765625,
    -10683.6953125,
    -1646.09619140625,
    721.21240234375,
    -4489.68603515625,
    -12733.2392578125,
    -3606.66943359375,
    -12792.482421875,
    -5196.88330078125,
    -3181.9794921875
  ],
  "episode_lengths": [
    600,
    73,
    31,
    186,
    68,
    131,
    71,
    600,
    600,
    96,
    92,
    600,
    94,
    76,
    157,
    600,
    79,
    600,
    600,
    89,
    92,
    600,
    110,
    142,
    74,
    103,
    600,
    168,
    126,
    600,
    163,
    600,
    128,
    600,
    600,
    162,
    600,
    600,
    129,
    600,
    7,
    600,
    124,
    600,
    110,
    600,
    109,
    140,
    109,
    600,
    112,
    600,
    600,
    600,
    600,
    600,
    600,
    600,
    113,
    163,
    600,
    600,
    600,
    600,
    92,
    600,
    115,
    600,
    600,
    600,
    23,
    129,
    600,
    118,
    116,
    600,
    152,
    124,
    600,
    600,
    600,
    600,
    71,
    600,
    137,
    600,
    600,
    600,
    600,
    600,
    114,
    165,
    600,
    600,
    600,
    199,
    600,
    284,
    150,
    600,
    116,
    116,
    600,
    158,
    600,
    600,
    129,
    116,
    600,
    600,
    199,
    600,
    600,
    600,
    122,
    600,
    600,
    600,
    221,
    600,
    600,
    600,
    600,
    600,
    600,
    600,
    600,
    127,
    122,
    600,
    600,
    600,
    600,
    130,
    135,
    600,
    600,
    126,
    600,
    600,
    600,
    600,
    600,
    600,
    115,
    600,
    600,
    600,
    119,
    600,
    115,
    600,
    600,
    600,
    126,
    600,
    600,
    600,
    119,
    600,
    600,
    600,
    600,
    600,
    600,
    600,
    120,
    600,
    600,
    600,
    600,
    600,
    600,
    600,
    600,
    600,
    600,
    600,
    600,
    600,
    600,
    600,
    600,
    600,
    600,
    121,
    600,
    120,
    600,
    600,
    600,
    600,
    113,
    600,
    600,
    600,
    600,
    600,
    600,
    130
  ],
  "evaluation_results": [
    [
      25,
      6239.7431640625
    ],
    [
      50,
      4406.30517578125
    ],
    [
      75,
      8840.0087890625
    ],
    [
      100,
      -419.49566650390625
    ],
    [
      125,
      -275.47052001953125
    ],
    [
      150,
      -863.2604370117188
    ],
    [
      175,
      -7339.7177734375
    ]
  ],
  "exploration_final": 0.3274595317914544,
  "total_policy_updates": 22
}