{
  "config_type": "performance",
  "num_vehicles": 10,
  "num_episodes": 100,
  "training_time_hours": 0.007395286957422892,
  "final_avg_reward": 881.3336181640625,
  "final_avg_length": 375.24,
  "best_performance": 5066.7880859375,
  "episode_rewards": [
    -3208.941650390625,
    9877.486328125,
    -337.39324951171875,
    14411.130859375,
    10008.810546875,
    -73.01065826416016,
    9185.15234375,
    -1680.586669921875,
    22268.431640625,
    -1540.9730224609375,
    -3112.228271484375,
    -722.0767822265625,
    -1022.6476440429688,
    -1314.1119384765625,
    4392.1640625,
    20444.015625,
    9023.5234375,
    8460.3876953125,
    19462.71484375,
    17651.2109375,
    20927.900390625,
    -691.2810668945312,
    -3348.323486328125,
    -2675.16455078125,
    -1525.439453125,
    7362.1435546875,
    -1319.500732421875,
    -2636.46337890625,
    -6091.0400390625,
    4785.109375,
    -1905.991943359375,
    -564.08642578125,
    240.0834197998047,
    -775.5277709960938,
    -407.5691833496094,
    -2131.759033203125,
    -842.3151245117188,
    -148.98941040039062,
    -2107.908447265625,
    -2207.4228515625,
    -1756.8125,
    13226.634765625,
    -892.4747924804688,
    -1215.2850341796875,
    -223.3357696533203,
    13356.724609375,
    15627.8876953125,
    10481.9970703125,
    -951.8541259765625,
    -1213.1873779296875,
    -820.0252685546875,
    2731.3955078125,
    -2948.7294921875,
    -1999.5101318359375,
    -2110.53564453125,
    -4336.1044921875,
    -3166.184814453125,
    9296.822265625,
    -87.95545959472656,
    5184.77197265625,
    -1965.77734375,
    432.5127868652344,
    -1944.7193603515625,
    808.266357421875,
    223.593505859375,
    10061.5810546875,
    -5027.6396484375,
    -558.443359375,
    -2359.23828125,
    4779.923828125,
    6699.55322265625,
    -1160.9691162109375,
    10482.578125,
    -1975.829345703125,
    -210.485595703125,
    3142.992431640625,
    -1090.760009765625,
    -1184.0687255859375,
    9085.7919921875,
    4503.568359375,
    11004.9736328125,
    -3669.926513671875,
    4093.09375,
    -336.0895080566406,
    3399.39453125,
    -596.6881103515625,
    7243.28369140625,
    -1592.21630859375,
    -293.299560546875,
    3721.01220703125,
    -1783.063232421875,
    -8076.32666015625,
    -1918.7838134765625,
    -6114.44970703125,
    2557.48974609375,
    -1969.4248046875,
    3860.291015625,
    -1498.1024169921875,
    -6040.13720703125,
    7589.2734375
  ],
  "episode_lengths": [
    108,
    600,
    79,
    600,
    600,
    68,
    600,
    78,
    600,
    103,
    600,
    102,
    83,
    104,
    600,
    600,
    600,
    600,
    600,
    600,
    600,
    113,
    67,
    67,
    112,
    600,
    109,
    107,
    600,
    600,
    113,
    100,
    89,
    105,
    110,
    107,
    102,
    108,
    65,
    90,
    600,
    600,
    112,
    113,
    108,
    600,
    600,
    600,
    71,
    128,
    109,
    600,
    600,
    89,
    115,
    600,
    129,
    600,
    110,
    600,
    89,
    600,
    125,
    183,
    110,
    600,
    131,
    600,
    115,
    600,
    600,
    600,
    600,
    125,
    116,
    600,
    71,
    117,
    600,
    600,
    600,
    114,
    600,
    117,
    600,
    116,
    600,
    600,
    113,
    600,
    117,
    600,
    69,
    600,
    600,
    67,
    600,
    115,
    600,
    600
  ],
  "evaluation_results": [
    [
      20,
      3750.82861328125
    ],
    [
      40,
      5066.7880859375
    ],
    [
      60,
      -1331.7657470703125
    ],
    [
      80,
      -3430.294921875
    ]
  ],
  "exploration_final": 0.36191685884548364,
  "total_policy_updates": 10
}