{
  "config_type": "performance",
  "num_vehicles": 6,
  "num_episodes": 25,
  "final_avg_reward": 8270.423828125,
  "final_avg_length": 333.15,
  "episode_rewards": [
    19290.556640625,
    -707.2601928710938,
    10356.3837890625,
    468.6915283203125,
    9813.1142578125,
    676.902587890625,
    343.3440856933594,
    12252.4560546875,
    18429.998046875,
    658.5147094726562,
    11532.46484375,
    -688.9713745117188,
    18730.443359375,
    12032.1435546875,
    18011.10546875,
    322.7127990722656,
    -1218.60107421875,
    12414.4033203125,
    11152.12109375,
    11646.0791015625,
    465.7759094238281,
    -999.5209350585938,
    18651.46875,
    11180.8779296875,
    9814.767578125
  ],
  "episode_lengths": [
    500,
    70,
    442,
    66,
    500,
    104,
    67,
    500,
    500,
    98,
    500,
    69,
    500,
    500,
    500,
    101,
    62,
    500,
    500,
    500,
    63,
    99,
    500,
    500,
    500
  ]
}