{
  "sixg_statistics": {
    "travel_time": {
      "mean": 20.439874232724723,
      "std": 2.340917510777591,
      "min": 17.1915966370144,
      "max": 22.61751251956112,
      "median": 21.510513541598655
    },
    "waiting_time": {
      "mean": 1.8732414876899568,
      "std": 0.7611525231767531,
      "min": 0.813958231751052,
      "max": 2.5686208092390865,
      "median": 2.237145422079731
    },
    "throughput": {
      "mean": 9.108399766362448,
      "std": 1.084376915137598,
      "min": 8.308657351595308,
      "max": 10.64146071674664,
      "median": 8.375081230745392
    },
    "collisions": {
      "mean": 0.0,
      "std": 0.0,
      "min": 0,
      "max": 0,
      "median": 0.0
    },
    "queue_length": {
      "mean": 0.0,
      "std": 0.0,
      "min": 0,
      "max": 0,
      "median": 0.0
    },
    "energy": {
      "mean": 91.44252765608631,
      "std": 8.440865901418329,
      "min": 82.40034767780826,
      "max": 102.71280735058335,
      "median": 89.21442793986729
    },
    "episode_return": {
      "mean": 1951.547460872671,
      "std": 15.739236454555096,
      "min": 1934.8980846882812,
      "max": 1972.6660557474559,
      "median": 1947.0782421822764
    }
  },
  "traffic_light_statistics": {
    "travel_time": {
      "mean": 31.853809523809662,
      "std": 1.8976879356558811,
      "min": 29.790000000000113,
      "max": 34.371428571428744,
      "median": 31.40000000000014
    },
    "waiting_time": {
      "mean": 9.897989417989463,
      "std": 1.6267107853149445,
      "min": 8.340000000000037,
      "max": 12.1428571428572,
      "median": 9.211111111111153
    },
    "throughput": {
      "mean": 6.500000000000022,
      "std": 0.9354143466934887,
      "min": 5.250000000000018,
      "max": 7.500000000000026,
      "median": 6.750000000000023
    },
    "collisions": {
      "mean": 0.0,
      "std": 0.0,
      "min": 0,
      "max": 0,
      "median": 0.0
    },
    "queue_length": {
      "mean": 1.4270833333333333,
      "std": 0.5765923001181645,
      "min": 0.6175,
      "max": 1.91625,
      "median": 1.7475
    },
    "energy": {
      "mean": 0.0,
      "std": 0.0,
      "min": 0,
      "max": 0,
      "median": 0.0
    },
    "episode_return": {
      "mean": 689.599999999999,
      "std": 155.5112214600607,
      "min": 480.69999999999885,
      "max": 853.5999999999992,
      "median": 734.4999999999991
    }
  },
  "improvements": {
    "travel_time": 35.83224569279038,
    "waiting_time": 81.07452525373118,
    "throughput": 40.12922717480641,
    "queue_length": 100.0
  },
  "raw_data": {
    "sixg": {
      "travel_times": [
        21.510513541598655,
        22.61751251956112,
        17.1915966370144
      ],
      "waiting_times": [
        2.5686208092390865,
        0.813958231751052,
        2.237145422079731
      ],
      "throughput": [
        8.375081230745392,
        8.308657351595308,
        10.64146071674664
      ],
      "returns": [
        1972.6660557474559,
        1947.0782421822764,
        1934.8980846882812
      ]
    },
    "traffic_light": {
      "travel_times": [
        31.40000000000014,
        29.790000000000113,
        34.371428571428744
      ],
      "waiting_times": [
        9.211111111111153,
        8.340000000000037,
        12.1428571428572
      ],
      "throughput": [
        6.750000000000023,
        7.500000000000026,
        5.250000000000018
      ],
      "returns": [
        734.4999999999991,
        853.5999999999992,
        480.69999999999885
      ]
    }
  }
}