{
  "sixg_statistics": {
    "travel_time": {
      "mean": 12.325901884832673,
      "std": 0.6830057285251026,
      "min": 11.553800157754754,
      "max": 13.21458524839489,
      "median": 12.209320248348375
    },
    "waiting_time": {
      "mean": 1.058821012038792,
      "std": 0.3419336987340123,
      "min": 0.6239010546083994,
      "max": 1.45934233147464,
      "median": 1.0932196500333362
    },
    "throughput": {
      "mean": 27.73476776505588,
      "std": 2.7027611262357922,
      "min": 23.918452652051254,
      "max": 29.827805761103324,
      "median": 29.458044882013073
    },
    "throughput_hourly": {
      "mean": 1664.086065903353,
      "std": 162.16566757414753,
      "min": 1435.1071591230752,
      "max": 1789.6683456661995,
      "median": 1767.4826929207843
    },
    "average_speed": {
      "mean": 32.39379760062313,
      "std": 2.4847423623307914,
      "min": 28.95647661012461,
      "max": 34.744546077842074,
      "median": 33.48037011390271
    },
    "collisions": {
      "mean": 0.0,
      "std": 0.0,
      "min": 0,
      "max": 0,
      "median": 0.0
    },
    "queue_length": {
      "mean": 0.0,
      "std": 0.0,
      "min": 0,
      "max": 0,
      "median": 0.0
    },
    "energy": {
      "mean": 85.42146854480318,
      "std": 5.307494126919397,
      "min": 81.07277250481586,
      "max": 92.89401181646271,
      "median": 82.29762131313096
    },
    "episode_return": {
      "mean": 2124.6652446972853,
      "std": 221.9662958431393,
      "min": 1810.7796511834154,
      "max": 2284.837650381076,
      "median": 2278.3784325273637
    }
  },
  "traffic_light_statistics": {
    "travel_time": {
      "mean": 20.27403840729742,
      "std": 1.9791561014458827,
      "min": 18.31160398348091,
      "max": 22.98361514777624,
      "median": 19.52689609063511
    },
    "waiting_time": {
      "mean": 31.61160119050386,
      "std": 2.3337716754007736,
      "min": 29.017807449849407,
      "max": 34.675956935193014,
      "median": 31.14103918646915
    },
    "throughput": {
      "mean": 17.72547435438577,
      "std": 0.9829068385055035,
      "min": 16.392647220022386,
      "max": 18.733703152649756,
      "median": 18.050072690485173
    },
    "throughput_hourly": {
      "mean": 1063.5284612631463,
      "std": 58.974410310330256,
      "min": 983.5588332013431,
      "max": 1124.0221891589854,
      "median": 1083.0043614291103
    },
    "average_speed": {
      "mean": 20.278832127834455,
      "std": 2.949447968742591,
      "min": 16.57521538767742,
      "max": 23.792351141196313,
      "median": 20.46892985462963
    },
    "collisions": {
      "mean": 0.0,
      "std": 0.0,
      "min": 0,
      "max": 0,
      "median": 0.0
    },
    "queue_length": {
      "mean": 2.9794409065770218,
      "std": 0.9726689444408422,
      "min": 2.177004004345681,
      "max": 4.34823290873288,
      "median": 2.4130858066525027
    },
    "energy": {
      "mean": 190.64884953982244,
      "std": 12.610387575279093,
      "min": 172.87135576372646,
      "max": 200.76370754794948,
      "median": 198.31148530779137
    },
    "episode_return": {
      "mean": -240.44983335469678,
      "std": 100.33743758753859,
      "min": -380.5705322350618,
      "max": -150.99762012042913,
      "median": -189.7813477085993
    }
  },
  "improvements": {
    "travel_time": 39.20351911538208,
    "waiting_time": 96.65053027318066,
    "queue_length": 100.0,
    "throughput": 56.46840931054427,
    "throughput_hourly": 56.46840931054429,
    "average_speed": 59.7419289060529
  },
  "raw_data": {
    "sixg": {
      "average_speeds": [
        28.95647661012461,
        34.744546077842074,
        33.48037011390271
      ],
      "waiting_times": [
        1.45934233147464,
        1.0932196500333362,
        0.6239010546083994
      ],
      "throughput_hourly": [
        1789.6683456661995,
        1767.4826929207843,
        1435.1071591230752
      ],
      "returns": [
        2278.3784325273637,
        1810.7796511834154,
        2284.837650381076
      ]
    },
    "traffic_light": {
      "average_speeds": [
        16.57521538767742,
        20.46892985462963,
        23.792351141196313
      ],
      "waiting_times": [
        31.14103918646915,
        34.675956935193014,
        29.017807449849407
      ],
      "throughput_hourly": [
        1083.0043614291103,
        983.5588332013431,
        1124.0221891589854
      ],
      "returns": [
        -150.99762012042913,
        -189.7813477085993,
        -380.5705322350618
      ]
    }
  }
}